context_length,stress_fraction,method,phase,load_active,phase_start_pct,phase_end_pct,tokens,time_s,TPS
128,0.3,AR Baseline,No Load (0-30%),False,0.0,30.0,114,10.283412651973777,11.085814005345695
128,0.3,AR Baseline,GPU Load (30-60%),True,30.0,60.0,114,90.15306652104482,1.2645160547410608
128,0.3,AR Baseline,No Load (60-80%),False,60.0,80.0,78,8.999826613930054,8.666833634246968
128,0.3,AR Baseline,GPU Load (80-100%),True,80.0,100.0,78,58.22933870914858,1.339530925975383
128,0.3,Vanilla SD (γ=5),No Load (0-30%),False,0.0,30.0,124,16.47133210906759,7.528231425297841
128,0.3,Vanilla SD (γ=5),GPU Load (30-60%),True,30.0,60.0,111,82.53776746196672,1.3448388951294161
128,0.3,Vanilla SD (γ=5),No Load (60-80%),False,60.0,80.0,84,6.929802192025818,12.12155811556346
128,0.3,Vanilla SD (γ=5),GPU Load (80-100%),True,80.0,100.0,78,51.56640193099156,1.5126128075482763
128,0.3,Adaptive Controller,No Load (0-30%),False,0.0,30.0,121,14.438266746001318,8.380507309404779
128,0.3,Adaptive Controller,GPU Load (30-60%),True,30.0,60.0,115,86.50359149998985,1.3294245707707233
128,0.3,Adaptive Controller,No Load (60-80%),False,60.0,80.0,80,6.840651525068097,11.694792478002103
128,0.3,Adaptive Controller,GPU Load (80-100%),True,80.0,100.0,84,49.536098284996115,1.6957330695833706
256,0.3,AR Baseline,No Load (0-30%),False,0.0,30.0,228,19.201307373004965,11.874191458470385
256,0.3,AR Baseline,GPU Load (30-60%),True,30.0,60.0,231,212.77994405198842,1.085628633982345
256,0.3,AR Baseline,No Load (60-80%),False,60.0,80.0,153,14.225871957140043,10.755052517059136
256,0.3,AR Baseline,GPU Load (80-100%),True,80.0,100.0,156,138.81760469288565,1.1237767741716043
256,0.3,Vanilla SD (γ=5),No Load (0-30%),False,0.0,30.0,235,25.971651739091612,9.048327089889563
256,0.3,Vanilla SD (γ=5),GPU Load (30-60%),True,30.0,60.0,234,160.48892058897763,1.4580445749229565
256,0.3,Vanilla SD (γ=5),No Load (60-80%),False,60.0,80.0,156,11.747357854968868,13.279581836694922
256,0.3,Vanilla SD (γ=5),GPU Load (80-100%),True,80.0,100.0,150,98.21897822502069,1.5271997602779828
256,0.3,Adaptive Controller,No Load (0-30%),False,0.0,30.0,236,23.48477691714652,10.049062881567913
256,0.3,Adaptive Controller,GPU Load (30-60%),True,30.0,60.0,236,178.18622057687026,1.3244570721347595
256,0.3,Adaptive Controller,No Load (60-80%),False,60.0,80.0,147,11.4054252729984,12.888603141174658
256,0.3,Adaptive Controller,GPU Load (80-100%),True,80.0,100.0,157,108.3273684210144,1.4493105693274055
512,0.3,AR Baseline,No Load (0-30%),False,0.0,30.0,459,37.4560671960935,12.254356486413812
512,0.3,AR Baseline,GPU Load (30-60%),True,30.0,60.0,462,403.82570418785326,1.1440579319465136
512,0.3,AR Baseline,No Load (60-80%),False,60.0,80.0,306,25.470349895069376,12.01396923327058
512,0.3,AR Baseline,GPU Load (80-100%),True,80.0,100.0,309,261.1555948460009,1.18320268107682
512,0.3,Vanilla SD (γ=5),No Load (0-30%),False,0.0,30.0,469,40.65981474600267,11.534730370263386
512,0.3,Vanilla SD (γ=5),GPU Load (30-60%),True,30.0,60.0,468,345.6956116979709,1.353792134361499
512,0.3,Vanilla SD (γ=5),No Load (60-80%),False,60.0,80.0,306,22.831882540951483,13.402311414801451
512,0.3,Vanilla SD (γ=5),GPU Load (80-100%),True,80.0,100.0,306,190.1954043151345,1.6088716817415263
512,0.3,Adaptive Controller,No Load (0-30%),False,0.0,30.0,472,38.15146248007659,12.371740670399916
512,0.3,Adaptive Controller,GPU Load (30-60%),True,30.0,60.0,458,313.95306160103064,1.4588167978499385
512,0.3,Adaptive Controller,No Load (60-80%),False,60.0,80.0,308,24.317934806924313,12.665549210712571
512,0.3,Adaptive Controller,GPU Load (80-100%),True,80.0,100.0,300,203.773401309154,1.472223548670399
1024,0.3,AR Baseline,No Load (0-30%),False,0.0,30.0,921,70.37162052211352,13.087662230409853
1024,0.3,AR Baseline,GPU Load (30-60%),True,30.0,60.0,921,838.9362753849709,1.0978187819776557
1024,0.3,AR Baseline,No Load (60-80%),False,60.0,80.0,615,44.97709770791698,13.673625719334623
1024,0.3,AR Baseline,GPU Load (80-100%),True,80.0,100.0,615,576.4577417381806,1.0668605094028294
1024,0.3,Vanilla SD (γ=5),No Load (0-30%),False,0.0,30.0,937,67.09152653894853,13.96599613001867
1024,0.3,Vanilla SD (γ=5),GPU Load (30-60%),True,30.0,60.0,918,678.519890070078,1.3529448634220411
1024,0.3,Vanilla SD (γ=5),No Load (60-80%),False,60.0,80.0,612,38.521733709960245,15.88713541835632
1024,0.3,Vanilla SD (γ=5),GPU Load (80-100%),True,80.0,100.0,612,593.9480677030515,1.0303931156250072
1024,0.3,Adaptive Controller,No Load (0-30%),False,0.0,30.0,936,19.802092629135586,47.267731624627736
1024,0.3,Adaptive Controller,GPU Load (30-60%),True,30.0,60.0,918,2816.131051557022,0.32597914770068787
1024,0.3,Adaptive Controller,No Load (60-80%),False,60.0,80.0,615,14.876512876828201,41.34033325497469
1024,0.3,Adaptive Controller,GPU Load (80-100%),True,80.0,100.0,609,2056.065058827051,0.2961968530059179
