,method,draft,gamma,cache,tps,speedup,acceptance,mean_accepted
0,Main smollm2-1.7B,,,False,8.342793441187595,,,
1,Main smollm2-1.7B,,,True,27.807714578035387,,,
2,Draft smollm2-135M,smollm2-135M,,False,17.079438080114127,,,
3,Draft smollm2-135M,smollm2-135M,,True,18.516606192517607,,,
4,speculative,smollm2-135M,1.0,False,8.732343666624713,1.0466930205312222,0.782110067257393,0.782110067257393
5,speculative,smollm2-135M,1.0,True,12.698988916434212,0.45667143485659994,0.8069694392216551,0.8069694392216551
6,speculative,smollm2-135M,2.0,False,9.592757155373771,1.1498255617854831,0.6980542754736302,1.3961085509472604
7,speculative,smollm2-135M,2.0,True,12.869148332593449,0.4627905790847862,0.7191076343618716,1.4382152687237433
8,speculative,smollm2-135M,3.0,False,9.459707899283572,1.1338777552110872,0.6193251822568387,1.8579755467705164
9,speculative,smollm2-135M,3.0,True,12.011824927150967,0.4319601631929437,0.6234358234358235,1.8703074703074705
10,speculative,smollm2-135M,5.0,False,8.185879415740748,0.9811916684078289,0.5309337407583022,2.654668703791511
11,speculative,smollm2-135M,5.0,True,10.63730660813415,0.3825307749863159,0.5266396227723459,2.6331981138617295
12,speculative,smollm2-135M,7.0,False,6.998387999915489,0.8388542817523323,0.4382087290584023,3.0674611034088155
13,speculative,smollm2-135M,7.0,True,8.040678521437178,0.2891527996259105,0.4166734825798451,2.916714378058916
14,speculative,smollm2-135M,10.0,False,5.825681255204291,0.6982890438643062,0.4406827309236947,4.406827309236948
15,speculative,smollm2-135M,10.0,True,6.715922976064528,0.2415129426482702,0.42248642057421576,4.224864205742157
