"",method,draft,gamma,cache,tps,speedup
0,Main pythia-1B,,,False,2.983662531651725,
1,Main pythia-1B,,,True,8.211492521538938,
2,Draft pythia-160M,pythia-160M,,False,4.345177783515307,
3,Draft pythia-160M,pythia-160M,,True,16.574952885868303,
4,speculative,pythia-160M,1.0,False,1.1701162490595907,0.3921744623081841
5,speculative,pythia-160M,1.0,True,8.074333863467237,0.9832967444454305
6,speculative,pythia-160M,2.0,False,2.433026912006926,0.8154497655805689
7,speculative,pythia-160M,2.0,True,7.72146969750364,0.9403247554875125
8,speculative,pythia-160M,3.0,False,2.5182964897744067,0.8440285934013803
9,speculative,pythia-160M,3.0,True,8.852822718545445,1.078101538219061
10,speculative,pythia-160M,5.0,False,3.4182009495462755,1.1456392649251772
11,speculative,pythia-160M,5.0,True,13.100676338611143,1.5954074492849821
12,speculative,pythia-160M,7.0,False,3.74491447554866,1.2551400957116667
13,speculative,pythia-160M,7.0,True,14.397196083814215,1.7532983250060852
14,speculative,pythia-160M,10.0,False,3.8038604095955706,1.2748963293411713
15,speculative,pythia-160M,10.0,True,11.880829746726263,1.44685387163936
