,gamma,use_cache,mean_total_ms,mean_acceptance_rate,mean_accepted_tokens,draft_speculation_ms,draft_speculation_pct,target_verification_ms,target_verification_pct,comparison_logic_ms,comparison_logic_pct,cache_rollback_ms,cache_rollback_pct,tensor_updates_ms,tensor_updates_pct
0,1,True,3156.2,0.9221205265322913,0.9221205265322913,1740.74,55.15,1380.02,43.72,18.03,0.57,6.59,0.21,10.81,0.34
1,1,False,2443.0175000000004,0.9257969971205265,0.9257969971205265,959.63,39.28,1452.95,59.47,19.51,0.8,0.0,0.0,10.93,0.45
2,2,True,2825.22,0.8755661231884058,1.7511322463768115,1847.82,65.4,948.19,33.56,16.88,0.6,5.0,0.18,7.33,0.26
3,2,False,2287.3825,0.8755661231884058,1.7511322463768115,1278.02,55.87,985.66,43.09,16.45,0.72,0.0,0.0,7.25,0.32
4,3,True,2732.4325,0.8514049074420591,2.5542147223261775,1975.01,72.28,732.8,26.82,14.55,0.53,4.2,0.15,5.87,0.21
5,3,False,2231.2,0.8607953707798909,2.582386112339673,1463.05,65.57,748.81,33.56,13.77,0.62,0.0,0.0,5.57,0.25
6,5,True,2710.51,0.7661379310344827,3.8306896551724137,2134.04,78.73,555.65,20.5,13.37,0.49,3.38,0.12,4.08,0.15
7,5,False,2440.9874999999997,0.7713103448275862,3.856551724137931,1870.32,76.62,553.25,22.66,13.25,0.54,0.0,0.0,4.17,0.17
8,7,True,2809.0775,0.718424788679774,5.028973520758418,2331.5,83.0,458.15,16.31,12.74,0.45,3.13,0.11,3.56,0.13
9,7,False,2559.0425000000005,0.7199775837108299,5.039843085975809,2106.71,82.32,435.34,17.01,13.57,0.53,0.0,0.0,3.43,0.13
10,10,True,3178.1724999999997,0.6292424242424243,6.292424242424243,2736.6,86.11,421.39,13.26,14.32,0.45,2.9,0.09,2.96,0.09
11,10,False,2919.995,0.6379924242424242,6.379924242424242,2532.11,86.72,372.7,12.76,12.48,0.43,0.0,0.0,2.71,0.09
